date,customer_id,offer_id,position_shown,device_type,was_clicked
2025-06-28 11:12:06.426792,CUST_49,OFFER_9,1,Desktop,0
2025-06-08 11:12:06.426828,CUST_29,OFFER_11,2,Desktop,1
2025-06-19 11:12:06.426839,CUST_63,OFFER_4,1,Desktop,0
2025-06-21 11:12:06.426850,CUST_22,OFFER_2,5,Desktop,1
2025-06-14 11:12:06.426859,CUST_26,OFFER_6,4,Desktop,1
2025-06-19 11:12:06.426870,CUST_28,OFFER_14,2,Tablet,0
2025-06-10 11:12:06.426881,CUST_85,OFFER_4,3,Tablet,0
2025-06-12 11:12:06.426888,CUST_49,OFFER_6,3,Tablet,0
2025-06-15 11:12:06.426896,CUST_71,OFFER_19,4,Tablet,0
2025-06-12 11:12:06.426903,CUST_81,OFFER_6,2,Mobile,0
2025-07-03 11:12:06.426909,CUST_84,OFFER_2,1,Tablet,0
2025-06-12 11:12:06.426915,CUST_49,OFFER_18,1,Desktop,0
2025-06-17 11:12:06.426921,CUST_20,OFFER_13,5,Tablet,0
2025-06-08 11:12:06.426927,CUST_86,OFFER_9,5,Mobile,1
2025-06-15 11:12:06.426933,CUST_92,OFFER_19,1,Desktop,0
2025-06-29 11:12:06.426939,CUST_63,OFFER_13,3,Tablet,0
2025-06-26 11:12:06.426945,CUST_61,OFFER_11,3,Tablet,0
2025-06-17 11:12:06.426951,CUST_49,OFFER_1,5,Tablet,1
2025-07-07 11:12:06.426957,CUST_71,OFFER_7,4,Desktop,0
2025-06-12 11:12:06.426963,CUST_1,OFFER_15,1,Desktop,0
2025-06-12 11:12:06.426969,CUST_96,OFFER_1,5,Mobile,0
2025-07-07 11:12:06.426975,CUST_13,OFFER_12,5,Desktop,0
2025-06-23 11:12:06.426980,CUST_94,OFFER_7,1,Desktop,0
2025-07-06 11:12:06.426989,CUST_87,OFFER_15,1,Tablet,1
2025-06-08 11:12:06.426999,CUST_51,OFFER_19,3,Desktop,0
2025-06-16 11:12:06.427011,CUST_56,OFFER_1,4,Tablet,0
2025-06-22 11:12:06.427018,CUST_83,OFFER_17,4,Tablet,1
2025-06-13 11:12:06.427024,CUST_62,OFFER_17,1,Desktop,0
2025-06-30 11:12:06.427030,CUST_32,OFFER_3,2,Mobile,0
2025-06-25 11:12:06.427035,CUST_30,OFFER_12,5,Mobile,1
2025-06-17 11:12:06.427041,CUST_29,OFFER_6,5,Desktop,0
2025-07-07 11:12:06.427047,CUST_49,OFFER_11,1,Mobile,0
2025-06-22 11:12:06.427052,CUST_45,OFFER_3,2,Tablet,0
2025-06-09 11:12:06.427059,CUST_93,OFFER_8,3,Tablet,0
2025-07-01 11:12:06.427065,CUST_30,OFFER_14,1,Desktop,0
2025-07-03 11:12:06.427071,CUST_16,OFFER_14,1,Mobile,0
2025-06-16 11:12:06.427077,CUST_40,OFFER_10,5,Mobile,0
2025-06-09 11:12:06.427083,CUST_19,OFFER_2,1,Tablet,1
2025-06-15 11:12:06.427088,CUST_18,OFFER_14,1,Desktop,0
2025-07-05 11:12:06.427094,CUST_1,OFFER_9,1,Mobile,1
2025-06-26 11:12:06.427099,CUST_78,OFFER_3,5,Desktop,0
2025-06-12 11:12:06.427104,CUST_47,OFFER_8,3,Mobile,0
2025-06-22 11:12:06.427110,CUST_66,OFFER_16,3,Tablet,0
2025-06-19 11:12:06.427115,CUST_92,OFFER_2,1,Tablet,0
2025-07-03 11:12:06.427120,CUST_94,OFFER_6,5,Desktop,0
2025-06-16 11:12:06.427125,CUST_38,OFFER_12,3,Tablet,1
2025-06-13 11:12:06.427130,CUST_51,OFFER_5,3,Mobile,0
2025-06-09 11:12:06.427136,CUST_63,OFFER_2,3,Tablet,0
2025-06-24 11:12:06.427141,CUST_4,OFFER_16,5,Desktop,0
2025-06-10 11:12:06.427147,CUST_1,OFFER_5,5,Desktop,0
2025-07-03 11:12:06.427152,CUST_8,OFFER_15,1,Desktop,0
2025-06-23 11:12:06.427157,CUST_29,OFFER_12,4,Mobile,0
2025-06-21 11:12:06.427163,CUST_55,OFFER_4,3,Mobile,0
2025-06-08 11:12:06.427168,CUST_3,OFFER_15,4,Mobile,0
2025-06-24 11:12:06.427173,CUST_32,OFFER_11,5,Mobile,0
2025-06-08 11:12:06.427178,CUST_10,OFFER_16,5,Mobile,0
2025-06-18 11:12:06.427184,CUST_74,OFFER_6,5,Tablet,0
2025-07-03 11:12:06.427189,CUST_83,OFFER_14,4,Mobile,1
2025-06-26 11:12:06.427194,CUST_34,OFFER_18,5,Mobile,0
2025-06-22 11:12:06.427199,CUST_97,OFFER_12,1,Tablet,0
2025-06-12 11:12:06.427205,CUST_87,OFFER_11,5,Mobile,0
2025-06-12 11:12:06.427210,CUST_55,OFFER_13,2,Desktop,0
2025-06-22 11:12:06.427215,CUST_92,OFFER_11,4,Mobile,1
2025-06-17 11:12:06.427220,CUST_32,OFFER_16,2,Mobile,0
2025-07-01 11:12:06.427225,CUST_50,OFFER_15,5,Desktop,0
2025-07-04 11:12:06.427231,CUST_7,OFFER_15,1,Desktop,0
2025-07-07 11:12:06.427250,CUST_93,OFFER_4,3,Desktop,0
2025-06-08 11:12:06.427256,CUST_8,OFFER_11,5,Desktop,0
2025-06-08 11:12:06.427261,CUST_65,OFFER_19,1,Mobile,0
2025-07-03 11:12:06.427266,CUST_57,OFFER_15,4,Desktop,0
2025-06-15 11:12:06.427271,CUST_67,OFFER_4,2,Desktop,0
2025-06-12 11:12:06.427277,CUST_88,OFFER_13,2,Tablet,0
2025-06-28 11:12:06.427282,CUST_87,OFFER_19,2,Desktop,1
2025-06-16 11:12:06.427288,CUST_59,OFFER_2,4,Desktop,0
2025-07-03 11:12:06.427293,CUST_72,OFFER_14,1,Tablet,0
2025-07-04 11:12:06.427298,CUST_54,OFFER_4,4,Tablet,0
2025-07-06 11:12:06.427303,CUST_67,OFFER_16,2,Mobile,1
2025-06-18 11:12:06.427309,CUST_51,OFFER_20,5,Tablet,0
2025-06-28 11:12:06.427315,CUST_97,OFFER_14,3,Mobile,1
2025-06-12 11:12:06.427320,CUST_92,OFFER_15,4,Tablet,0
2025-06-19 11:12:06.427325,CUST_8,OFFER_3,4,Tablet,0
2025-06-12 11:12:06.427330,CUST_34,OFFER_8,1,Mobile,0
2025-07-07 11:12:06.427336,CUST_35,OFFER_16,1,Tablet,0
2025-06-14 11:12:06.427346,CUST_96,OFFER_10,4,Mobile,0
2025-07-03 11:12:06.427351,CUST_88,OFFER_4,2,Tablet,0
2025-06-25 11:12:06.427357,CUST_78,OFFER_18,3,Desktop,0
2025-07-04 11:12:06.427362,CUST_32,OFFER_2,1,Tablet,0
2025-06-22 11:12:06.427367,CUST_46,OFFER_17,2,Mobile,0
2025-06-14 11:12:06.427372,CUST_16,OFFER_13,5,Tablet,0
2025-06-22 11:12:06.427378,CUST_68,OFFER_4,1,Mobile,0
2025-06-15 11:12:06.427383,CUST_37,OFFER_11,2,Mobile,0
2025-07-06 11:12:06.427388,CUST_54,OFFER_7,2,Desktop,0
2025-06-21 11:12:06.427393,CUST_85,OFFER_12,3,Desktop,0
2025-06-10 11:12:06.427399,CUST_14,OFFER_10,3,Mobile,1
2025-06-11 11:12:06.427404,CUST_95,OFFER_7,5,Tablet,0
2025-06-18 11:12:06.427410,CUST_55,OFFER_13,2,Mobile,0
2025-06-14 11:12:06.427415,CUST_48,OFFER_7,2,Mobile,0
2025-06-26 11:12:06.427420,CUST_82,OFFER_17,3,Tablet,1
2025-06-20 11:12:06.427425,CUST_7,OFFER_10,1,Tablet,0
2025-07-05 11:12:06.427432,CUST_74,OFFER_10,1,Tablet,0
2025-06-10 11:12:06.427448,CUST_7,OFFER_4,4,Tablet,1
2025-07-07 11:12:06.427458,CUST_33,OFFER_20,3,Mobile,0
2025-07-07 11:12:06.427467,CUST_23,OFFER_4,4,Mobile,0
2025-06-09 11:12:06.427477,CUST_85,OFFER_7,3,Desktop,0
2025-06-19 11:12:06.427486,CUST_19,OFFER_1,5,Mobile,0
2025-06-27 11:12:06.427491,CUST_19,OFFER_12,2,Tablet,0
2025-07-03 11:12:06.427496,CUST_36,OFFER_13,5,Desktop,0
2025-06-26 11:12:06.427502,CUST_29,OFFER_10,3,Tablet,0
2025-07-05 11:12:06.427507,CUST_60,OFFER_15,2,Mobile,1
2025-07-07 11:12:06.427513,CUST_82,OFFER_13,1,Desktop,0
2025-07-07 11:12:06.427518,CUST_2,OFFER_9,1,Tablet,0
2025-06-30 11:12:06.427523,CUST_1,OFFER_9,4,Desktop,0
2025-06-28 11:12:06.427528,CUST_47,OFFER_15,3,Desktop,0
2025-06-27 11:12:06.427534,CUST_69,OFFER_10,3,Mobile,0
2025-06-26 11:12:06.427540,CUST_20,OFFER_10,1,Tablet,0
2025-06-09 11:12:06.427549,CUST_11,OFFER_8,5,Desktop,0
2025-06-25 11:12:06.427559,CUST_2,OFFER_16,2,Desktop,0
2025-06-26 11:12:06.427567,CUST_67,OFFER_17,5,Tablet,0
2025-06-24 11:12:06.427573,CUST_87,OFFER_5,5,Desktop,0
2025-07-06 11:12:06.427578,CUST_12,OFFER_4,1,Desktop,0
2025-06-09 11:12:06.427583,CUST_20,OFFER_18,1,Desktop,0
2025-06-19 11:12:06.427589,CUST_5,OFFER_19,1,Tablet,0
2025-06-20 11:12:06.427594,CUST_37,OFFER_4,4,Tablet,1
2025-07-05 11:12:06.427599,CUST_38,OFFER_7,5,Tablet,0
2025-06-15 11:12:06.427604,CUST_94,OFFER_10,3,Tablet,0
2025-06-21 11:12:06.427610,CUST_9,OFFER_18,2,Mobile,0
2025-06-12 11:12:06.427615,CUST_98,OFFER_19,4,Desktop,0
2025-06-30 11:12:06.427622,CUST_53,OFFER_4,3,Tablet,0
2025-06-09 11:12:06.427628,CUST_44,OFFER_10,5,Desktop,1
2025-06-12 11:12:06.427635,CUST_99,OFFER_1,1,Desktop,0
2025-06-28 11:12:06.427641,CUST_86,OFFER_18,5,Mobile,0
2025-06-12 11:12:06.427646,CUST_24,OFFER_5,2,Tablet,0
2025-06-08 11:12:06.427651,CUST_81,OFFER_15,4,Tablet,0
2025-07-06 11:12:06.427656,CUST_74,OFFER_17,4,Desktop,0
2025-06-19 11:12:06.427662,CUST_30,OFFER_3,2,Tablet,0
2025-06-29 11:12:06.427667,CUST_59,OFFER_12,3,Desktop,0
2025-07-01 11:12:06.427672,CUST_87,OFFER_2,3,Desktop,0
2025-07-04 11:12:06.427677,CUST_96,OFFER_1,4,Mobile,0
2025-06-12 11:12:06.427683,CUST_81,OFFER_17,4,Mobile,0
2025-06-17 11:12:06.427688,CUST_81,OFFER_16,1,Mobile,1
2025-06-20 11:12:06.427693,CUST_14,OFFER_5,3,Desktop,0
2025-06-25 11:12:06.427698,CUST_9,OFFER_15,2,Tablet,0
2025-06-27 11:12:06.427704,CUST_40,OFFER_3,3,Mobile,0
2025-06-09 11:12:06.427709,CUST_66,OFFER_7,1,Tablet,1
2025-06-14 11:12:06.427714,CUST_25,OFFER_11,4,Mobile,1
2025-07-04 11:12:06.427719,CUST_73,OFFER_10,4,Mobile,0
2025-06-13 11:12:06.427724,CUST_22,OFFER_9,1,Desktop,0
2025-06-17 11:12:06.427730,CUST_4,OFFER_14,2,Mobile,0
2025-06-09 11:12:06.427735,CUST_26,OFFER_13,4,Mobile,0
2025-06-13 11:12:06.427740,CUST_58,OFFER_2,5,Desktop,0
2025-07-04 11:12:06.427746,CUST_29,OFFER_3,4,Tablet,0
2025-06-28 11:12:06.427751,CUST_98,OFFER_7,5,Mobile,0
2025-07-03 11:12:06.427756,CUST_87,OFFER_18,1,Desktop,0
2025-06-29 11:12:06.427761,CUST_37,OFFER_3,1,Mobile,0
2025-06-14 11:12:06.427767,CUST_75,OFFER_10,4,Desktop,1
2025-07-05 11:12:06.427772,CUST_70,OFFER_7,3,Tablet,0
2025-06-21 11:12:06.427777,CUST_18,OFFER_9,5,Tablet,0
2025-07-05 11:12:06.427782,CUST_85,OFFER_17,2,Desktop,0
2025-06-22 11:12:06.427788,CUST_42,OFFER_11,4,Desktop,0
2025-07-04 11:12:06.427793,CUST_100,OFFER_7,2,Desktop,0
2025-06-20 11:12:06.427798,CUST_41,OFFER_14,4,Tablet,0
2025-06-21 11:12:06.427803,CUST_38,OFFER_19,3,Mobile,1
2025-07-01 11:12:06.427809,CUST_34,OFFER_4,3,Tablet,0
2025-06-14 11:12:06.427814,CUST_17,OFFER_6,3,Desktop,0
2025-06-15 11:12:06.427819,CUST_37,OFFER_10,3,Desktop,0
2025-06-08 11:12:06.427824,CUST_25,OFFER_7,1,Tablet,0
2025-07-03 11:12:06.427830,CUST_76,OFFER_13,1,Desktop,0
2025-06-26 11:12:06.427835,CUST_87,OFFER_14,5,Tablet,0
2025-06-21 11:12:06.427840,CUST_86,OFFER_4,2,Desktop,0
2025-06-15 11:12:06.427846,CUST_85,OFFER_8,4,Mobile,0
2025-06-25 11:12:06.427851,CUST_27,OFFER_5,4,Mobile,0
2025-06-15 11:12:06.427856,CUST_57,OFFER_1,1,Desktop,0
2025-06-13 11:12:06.427861,CUST_31,OFFER_4,4,Tablet,0
2025-07-05 11:12:06.427867,CUST_6,OFFER_3,1,Mobile,0
2025-06-29 11:12:06.427872,CUST_91,OFFER_9,5,Tablet,0
2025-06-08 11:12:06.427878,CUST_40,OFFER_8,2,Desktop,0
2025-06-21 11:12:06.427883,CUST_98,OFFER_1,5,Tablet,1
2025-06-21 11:12:06.427888,CUST_12,OFFER_6,3,Mobile,0
2025-06-08 11:12:06.427893,CUST_53,OFFER_9,3,Tablet,0
2025-06-18 11:12:06.427899,CUST_71,OFFER_7,3,Tablet,1
2025-06-22 11:12:06.427904,CUST_10,OFFER_4,5,Desktop,0
2025-06-13 11:12:06.427911,CUST_45,OFFER_13,4,Desktop,0
2025-06-16 11:12:06.427920,CUST_17,OFFER_17,2,Desktop,0
2025-06-25 11:12:06.427930,CUST_26,OFFER_2,3,Mobile,0
2025-06-11 11:12:06.427939,CUST_85,OFFER_5,3,Mobile,0
2025-06-19 11:12:06.427948,CUST_92,OFFER_12,3,Desktop,0
2025-06-21 11:12:06.427958,CUST_62,OFFER_8,2,Desktop,0
2025-07-04 11:12:06.427964,CUST_46,OFFER_6,3,Mobile,0
2025-06-26 11:12:06.427969,CUST_64,OFFER_8,2,Mobile,1
2025-06-09 11:12:06.427974,CUST_2,OFFER_18,3,Mobile,0
2025-06-29 11:12:06.427979,CUST_54,OFFER_3,5,Mobile,1
2025-06-19 11:12:06.427985,CUST_65,OFFER_12,5,Desktop,0
2025-06-26 11:12:06.427990,CUST_51,OFFER_3,2,Mobile,0
2025-06-29 11:12:06.427995,CUST_53,OFFER_6,5,Desktop,0
2025-07-01 11:12:06.428000,CUST_36,OFFER_2,2,Tablet,0
2025-06-10 11:12:06.428006,CUST_26,OFFER_12,5,Tablet,0
2025-06-24 11:12:06.428011,CUST_29,OFFER_2,5,Mobile,0
2025-06-18 11:12:06.428016,CUST_21,OFFER_6,2,Tablet,0
2025-06-19 11:12:06.428021,CUST_11,OFFER_17,4,Tablet,1
2025-06-12 11:12:06.428027,CUST_40,OFFER_3,5,Tablet,0
2025-06-23 11:12:06.428032,CUST_11,OFFER_2,3,Mobile,0
2025-06-22 11:12:06.428038,CUST_36,OFFER_20,4,Mobile,0
2025-06-17 11:12:06.428044,CUST_59,OFFER_8,2,Tablet,0
2025-07-03 11:12:06.428049,CUST_39,OFFER_12,4,Desktop,0
2025-07-05 11:12:06.428054,CUST_99,OFFER_4,1,Tablet,0
2025-06-26 11:12:06.428059,CUST_54,OFFER_5,1,Mobile,0
2025-06-13 11:12:06.428065,CUST_98,OFFER_13,5,Mobile,1
2025-06-18 11:12:06.428070,CUST_55,OFFER_15,5,Mobile,0
2025-06-11 11:12:06.428075,CUST_24,OFFER_16,3,Tablet,0
2025-06-17 11:12:06.428080,CUST_22,OFFER_10,4,Desktop,0
2025-07-04 11:12:06.428086,CUST_69,OFFER_16,1,Mobile,0
2025-06-17 11:12:06.428091,CUST_56,OFFER_12,5,Mobile,0
2025-06-15 11:12:06.428096,CUST_33,OFFER_17,4,Tablet,0
2025-06-22 11:12:06.428101,CUST_36,OFFER_16,5,Desktop,1
2025-06-13 11:12:06.428106,CUST_20,OFFER_12,5,Tablet,0
2025-07-01 11:12:06.428112,CUST_83,OFFER_8,1,Mobile,0
2025-06-25 11:12:06.428117,CUST_99,OFFER_20,1,Desktop,1
2025-06-17 11:12:06.428125,CUST_81,OFFER_3,5,Desktop,0
2025-06-28 11:12:06.428134,CUST_62,OFFER_16,2,Mobile,0
2025-06-12 11:12:06.428143,CUST_98,OFFER_13,5,Desktop,0
2025-07-01 11:12:06.428152,CUST_73,OFFER_19,5,Desktop,0
2025-06-24 11:12:06.428161,CUST_26,OFFER_8,3,Tablet,0
2025-06-12 11:12:06.428183,CUST_66,OFFER_5,3,Mobile,0
2025-07-03 11:12:06.428193,CUST_73,OFFER_20,3,Mobile,0
2025-07-05 11:12:06.428202,CUST_73,OFFER_8,2,Mobile,0
2025-06-15 11:12:06.428211,CUST_40,OFFER_12,2,Mobile,0
2025-06-09 11:12:06.428221,CUST_17,OFFER_1,5,Mobile,0
2025-06-27 11:12:06.428230,CUST_1,OFFER_20,3,Desktop,0
2025-06-27 11:12:06.428239,CUST_89,OFFER_6,2,Tablet,0
2025-06-20 11:12:06.428247,CUST_61,OFFER_18,1,Mobile,0
2025-06-23 11:12:06.428256,CUST_43,OFFER_8,5,Tablet,0
2025-06-26 11:12:06.428266,CUST_42,OFFER_7,4,Tablet,0
2025-06-29 11:12:06.428272,CUST_25,OFFER_1,5,Desktop,1
2025-06-28 11:12:06.428279,CUST_39,OFFER_16,4,Mobile,0
2025-06-12 11:12:06.428289,CUST_35,OFFER_12,3,Desktop,0
2025-06-26 11:12:06.428298,CUST_3,OFFER_6,4,Mobile,0
2025-06-21 11:12:06.428308,CUST_44,OFFER_20,3,Desktop,0
2025-06-09 11:12:06.428317,CUST_51,OFFER_2,1,Tablet,0
2025-07-02 11:12:06.428322,CUST_94,OFFER_14,4,Mobile,1
2025-07-01 11:12:06.428327,CUST_98,OFFER_4,5,Tablet,0
2025-06-24 11:12:06.428333,CUST_12,OFFER_1,3,Tablet,0
2025-06-25 11:12:06.428338,CUST_19,OFFER_18,5,Desktop,0
2025-06-30 11:12:06.428343,CUST_44,OFFER_13,2,Mobile,1
2025-06-28 11:12:06.428348,CUST_59,OFFER_2,3,Tablet,0
2025-06-29 11:12:06.428353,CUST_49,OFFER_9,4,Desktop,1
2025-06-20 11:12:06.428358,CUST_61,OFFER_2,3,Mobile,0
2025-06-11 11:12:06.428364,CUST_17,OFFER_9,5,Mobile,0
2025-06-12 11:12:06.428369,CUST_74,OFFER_1,1,Tablet,0
2025-07-06 11:12:06.428374,CUST_57,OFFER_11,3,Mobile,0
2025-07-03 11:12:06.428379,CUST_55,OFFER_3,4,Tablet,0
2025-06-09 11:12:06.428384,CUST_47,OFFER_20,2,Mobile,0
2025-07-03 11:12:06.428389,CUST_12,OFFER_4,1,Desktop,0
2025-07-02 11:12:06.428395,CUST_62,OFFER_18,2,Tablet,0
2025-06-19 11:12:06.428400,CUST_80,OFFER_6,3,Tablet,0
2025-06-30 11:12:06.428405,CUST_88,OFFER_3,5,Mobile,0
2025-06-22 11:12:06.428410,CUST_83,OFFER_11,5,Mobile,0
2025-06-25 11:12:06.428416,CUST_8,OFFER_15,4,Tablet,0
2025-07-07 11:12:06.428421,CUST_95,OFFER_5,5,Mobile,0
2025-06-16 11:12:06.428426,CUST_21,OFFER_20,1,Desktop,0
2025-06-18 11:12:06.428431,CUST_81,OFFER_10,5,Mobile,0
2025-06-21 11:12:06.428437,CUST_87,OFFER_12,4,Desktop,0
2025-07-01 11:12:06.428442,CUST_80,OFFER_15,3,Desktop,0
2025-06-13 11:12:06.428447,CUST_70,OFFER_17,3,Desktop,0
2025-06-25 11:12:06.428452,CUST_72,OFFER_10,5,Desktop,0
2025-07-04 11:12:06.428457,CUST_25,OFFER_6,2,Desktop,0
2025-07-04 11:12:06.428463,CUST_82,OFFER_18,3,Mobile,0
2025-07-02 11:12:06.428468,CUST_89,OFFER_13,5,Desktop,0
2025-06-10 11:12:06.428473,CUST_12,OFFER_3,4,Mobile,0
2025-06-19 11:12:06.428478,CUST_15,OFFER_10,5,Desktop,0
2025-06-09 11:12:06.428483,CUST_59,OFFER_14,3,Tablet,0
2025-06-26 11:12:06.428489,CUST_26,OFFER_6,4,Desktop,0
2025-06-16 11:12:06.428494,CUST_26,OFFER_3,5,Tablet,0
2025-07-01 11:12:06.428499,CUST_47,OFFER_16,1,Desktop,0
2025-06-11 11:12:06.428504,CUST_32,OFFER_7,4,Desktop,0
2025-06-28 11:12:06.428510,CUST_10,OFFER_20,1,Desktop,1
2025-06-12 11:12:06.428515,CUST_16,OFFER_14,2,Tablet,0
2025-06-19 11:12:06.428520,CUST_71,OFFER_9,4,Tablet,0
2025-07-01 11:12:06.428529,CUST_17,OFFER_15,1,Desktop,0
2025-06-08 11:12:06.428539,CUST_23,OFFER_3,3,Mobile,0
2025-07-05 11:12:06.428548,CUST_26,OFFER_2,3,Desktop,0
2025-06-25 11:12:06.428559,CUST_85,OFFER_2,2,Tablet,0
2025-06-25 11:12:06.428564,CUST_86,OFFER_3,4,Desktop,0
2025-06-20 11:12:06.428570,CUST_7,OFFER_18,4,Tablet,0
2025-06-10 11:12:06.428575,CUST_14,OFFER_14,4,Tablet,1
2025-06-08 11:12:06.428580,CUST_79,OFFER_20,2,Tablet,0
2025-06-12 11:12:06.428586,CUST_7,OFFER_18,4,Desktop,0
2025-06-18 11:12:06.428591,CUST_9,OFFER_10,3,Tablet,0
2025-06-10 11:12:06.428596,CUST_48,OFFER_2,1,Tablet,0
2025-06-30 11:12:06.428602,CUST_72,OFFER_1,3,Desktop,0
2025-06-09 11:12:06.428607,CUST_59,OFFER_4,3,Tablet,0
2025-06-29 11:12:06.428612,CUST_87,OFFER_14,1,Desktop,0
2025-07-01 11:12:06.428620,CUST_93,OFFER_1,3,Tablet,0
2025-07-07 11:12:06.428630,CUST_82,OFFER_14,2,Mobile,0
2025-07-05 11:12:06.428643,CUST_95,OFFER_16,1,Mobile,0
2025-06-25 11:12:06.428649,CUST_94,OFFER_14,3,Tablet,0
2025-06-10 11:12:06.428654,CUST_39,OFFER_20,5,Mobile,1
2025-06-08 11:12:06.428659,CUST_99,OFFER_3,3,Desktop,0
2025-06-13 11:12:06.428665,CUST_18,OFFER_3,2,Mobile,0
2025-06-10 11:12:06.428670,CUST_59,OFFER_9,4,Tablet,0
2025-06-21 11:12:06.428676,CUST_17,OFFER_6,3,Tablet,0
2025-06-13 11:12:06.428681,CUST_14,OFFER_13,4,Desktop,0
2025-06-14 11:12:06.428686,CUST_31,OFFER_2,5,Tablet,0
2025-07-07 11:12:06.428691,CUST_24,OFFER_8,3,Desktop,1
2025-07-02 11:12:06.428696,CUST_99,OFFER_2,1,Mobile,0
2025-06-17 11:12:06.428701,CUST_60,OFFER_4,4,Mobile,0
2025-07-02 11:12:06.428707,CUST_45,OFFER_15,5,Desktop,0
2025-06-12 11:12:06.428712,CUST_98,OFFER_4,1,Desktop,0
2025-06-26 11:12:06.428717,CUST_3,OFFER_13,1,Tablet,0
2025-06-25 11:12:06.428722,CUST_37,OFFER_12,1,Mobile,0
2025-06-25 11:12:06.428728,CUST_43,OFFER_13,1,Desktop,0
2025-06-09 11:12:06.428733,CUST_40,OFFER_14,3,Mobile,0
2025-06-23 11:12:06.428738,CUST_90,OFFER_20,3,Desktop,0
2025-06-17 11:12:06.428744,CUST_55,OFFER_18,3,Mobile,1
2025-06-22 11:12:06.428749,CUST_87,OFFER_6,5,Tablet,0
2025-06-16 11:12:06.428754,CUST_39,OFFER_11,5,Mobile,0
2025-06-17 11:12:06.428759,CUST_15,OFFER_2,5,Mobile,0
2025-06-27 11:12:06.428764,CUST_4,OFFER_19,2,Mobile,0
2025-06-10 11:12:06.428770,CUST_93,OFFER_19,5,Mobile,0
2025-07-03 11:12:06.428775,CUST_86,OFFER_5,3,Mobile,0
2025-07-04 11:12:06.428780,CUST_25,OFFER_19,3,Tablet,0
2025-07-05 11:12:06.428785,CUST_13,OFFER_2,2,Desktop,0
2025-06-19 11:12:06.428791,CUST_82,OFFER_10,2,Mobile,0
2025-06-18 11:12:06.428796,CUST_33,OFFER_2,5,Tablet,1
2025-06-13 11:12:06.428801,CUST_16,OFFER_11,4,Mobile,0
2025-06-20 11:12:06.428806,CUST_42,OFFER_18,2,Mobile,0
2025-06-23 11:12:06.428811,CUST_66,OFFER_15,1,Desktop,0
2025-06-29 11:12:06.428816,CUST_55,OFFER_9,3,Mobile,0
2025-06-21 11:12:06.428822,CUST_99,OFFER_19,1,Tablet,0
2025-06-24 11:12:06.428827,CUST_42,OFFER_9,3,Tablet,0
2025-06-23 11:12:06.428832,CUST_34,OFFER_3,3,Desktop,0
2025-07-07 11:12:06.428837,CUST_30,OFFER_9,2,Mobile,0
2025-06-17 11:12:06.428843,CUST_13,OFFER_14,2,Tablet,0
2025-06-16 11:12:06.428848,CUST_13,OFFER_19,1,Mobile,0
2025-06-16 11:12:06.428853,CUST_18,OFFER_7,3,Mobile,0
2025-07-05 11:12:06.428858,CUST_32,OFFER_16,1,Mobile,0
2025-06-22 11:12:06.428863,CUST_96,OFFER_16,4,Desktop,0
2025-06-15 11:12:06.428869,CUST_99,OFFER_1,1,Mobile,0
2025-06-13 11:12:06.428874,CUST_39,OFFER_4,5,Tablet,0
2025-06-27 11:12:06.428879,CUST_46,OFFER_4,1,Mobile,0
2025-06-26 11:12:06.428885,CUST_29,OFFER_7,5,Tablet,0
2025-06-28 11:12:06.428890,CUST_62,OFFER_8,5,Mobile,0
2025-06-22 11:12:06.428895,CUST_93,OFFER_17,5,Tablet,0
2025-06-30 11:12:06.428901,CUST_62,OFFER_5,4,Tablet,0
2025-07-02 11:12:06.428906,CUST_57,OFFER_7,1,Mobile,0
2025-06-26 11:12:06.428915,CUST_16,OFFER_20,1,Mobile,0
2025-06-14 11:12:06.428924,CUST_56,OFFER_20,4,Tablet,0
2025-06-10 11:12:06.428934,CUST_10,OFFER_4,3,Desktop,0
2025-06-17 11:12:06.428943,CUST_30,OFFER_6,2,Mobile,0
2025-06-30 11:12:06.428953,CUST_25,OFFER_7,1,Desktop,0
2025-06-12 11:12:06.428963,CUST_84,OFFER_18,2,Mobile,1
2025-06-10 11:12:06.428973,CUST_5,OFFER_5,4,Mobile,0
2025-07-04 11:12:06.428983,CUST_65,OFFER_20,3,Mobile,0
2025-06-12 11:12:06.428993,CUST_94,OFFER_3,3,Mobile,1
2025-06-30 11:12:06.429004,CUST_49,OFFER_7,3,Desktop,1
2025-06-12 11:12:06.429013,CUST_3,OFFER_14,4,Mobile,0
2025-06-10 11:12:06.429022,CUST_45,OFFER_7,5,Tablet,0
2025-06-20 11:12:06.429030,CUST_14,OFFER_5,5,Tablet,0
2025-06-10 11:12:06.429039,CUST_30,OFFER_5,2,Desktop,0
2025-06-10 11:12:06.429049,CUST_68,OFFER_2,5,Mobile,0
2025-07-03 11:12:06.429054,CUST_18,OFFER_6,5,Tablet,0
2025-06-29 11:12:06.429060,CUST_62,OFFER_15,3,Desktop,0
2025-07-04 11:12:06.429065,CUST_37,OFFER_10,3,Mobile,1
2025-06-11 11:12:06.429070,CUST_25,OFFER_7,2,Tablet,0
2025-06-16 11:12:06.429075,CUST_48,OFFER_5,1,Tablet,0
2025-06-21 11:12:06.429080,CUST_65,OFFER_1,2,Desktop,0
2025-06-29 11:12:06.429085,CUST_53,OFFER_13,2,Mobile,0
2025-07-07 11:12:06.429090,CUST_79,OFFER_18,4,Mobile,0
2025-06-17 11:12:06.429096,CUST_73,OFFER_13,4,Tablet,0
2025-06-18 11:12:06.429101,CUST_15,OFFER_18,2,Tablet,0
2025-06-25 11:12:06.429106,CUST_49,OFFER_5,2,Tablet,0
2025-06-10 11:12:06.429111,CUST_88,OFFER_13,2,Mobile,0
2025-06-22 11:12:06.429116,CUST_68,OFFER_4,5,Desktop,1
2025-06-09 11:12:06.429121,CUST_12,OFFER_17,4,Desktop,0
2025-06-25 11:12:06.429127,CUST_59,OFFER_3,2,Mobile,0
2025-06-24 11:12:06.429132,CUST_37,OFFER_17,3,Desktop,0
2025-07-05 11:12:06.429137,CUST_61,OFFER_11,3,Tablet,0
2025-06-09 11:12:06.429142,CUST_43,OFFER_20,5,Desktop,0
2025-07-02 11:12:06.429147,CUST_70,OFFER_4,5,Desktop,0
2025-06-20 11:12:06.429152,CUST_39,OFFER_2,1,Desktop,0
2025-06-19 11:12:06.429158,CUST_56,OFFER_20,1,Tablet,0
2025-07-03 11:12:06.429163,CUST_63,OFFER_16,1,Mobile,0
2025-06-23 11:12:06.429168,CUST_46,OFFER_18,5,Tablet,0
2025-06-13 11:12:06.429173,CUST_88,OFFER_8,5,Mobile,0
2025-07-06 11:12:06.429178,CUST_11,OFFER_3,5,Mobile,0
2025-06-28 11:12:06.429183,CUST_62,OFFER_9,3,Mobile,0
2025-06-14 11:12:06.429188,CUST_77,OFFER_20,5,Desktop,0
2025-06-08 11:12:06.429194,CUST_98,OFFER_6,3,Desktop,0
2025-06-20 11:12:06.429199,CUST_25,OFFER_10,1,Mobile,0
2025-06-11 11:12:06.429204,CUST_71,OFFER_10,1,Mobile,0
2025-06-25 11:12:06.429210,CUST_52,OFFER_13,1,Desktop,0
2025-07-03 11:12:06.429215,CUST_4,OFFER_17,2,Tablet,0
2025-06-15 11:12:06.429220,CUST_59,OFFER_9,2,Mobile,0
2025-06-14 11:12:06.429225,CUST_72,OFFER_17,4,Tablet,0
2025-07-07 11:12:06.429231,CUST_20,OFFER_9,4,Desktop,0
2025-06-16 11:12:06.429236,CUST_93,OFFER_9,4,Mobile,0
2025-07-07 11:12:06.429242,CUST_63,OFFER_1,2,Tablet,0
2025-06-20 11:12:06.429247,CUST_54,OFFER_2,2,Tablet,0
2025-06-23 11:12:06.429252,CUST_74,OFFER_16,4,Tablet,1
2025-06-21 11:12:06.429257,CUST_98,OFFER_1,4,Desktop,0
2025-06-27 11:12:06.429264,CUST_57,OFFER_10,5,Desktop,1
2025-06-17 11:12:06.429270,CUST_90,OFFER_18,4,Tablet,1
2025-06-12 11:12:06.429277,CUST_41,OFFER_8,5,Tablet,0
2025-06-13 11:12:06.429283,CUST_3,OFFER_11,3,Desktop,0
2025-06-16 11:12:06.429288,CUST_6,OFFER_2,2,Tablet,1
2025-06-11 11:12:06.429293,CUST_5,OFFER_8,4,Tablet,0
2025-06-11 11:12:06.429298,CUST_5,OFFER_8,2,Desktop,0
2025-06-21 11:12:06.429303,CUST_54,OFFER_17,2,Tablet,0
2025-06-25 11:12:06.429309,CUST_47,OFFER_15,2,Tablet,0
2025-07-07 11:12:06.429314,CUST_87,OFFER_17,3,Tablet,0
2025-07-06 11:12:06.429319,CUST_49,OFFER_13,1,Desktop,0
2025-06-29 11:12:06.429324,CUST_9,OFFER_19,4,Tablet,0
2025-07-05 11:12:06.429329,CUST_99,OFFER_5,1,Desktop,0
2025-07-07 11:12:06.429335,CUST_20,OFFER_12,1,Desktop,1
2025-06-17 11:12:06.429340,CUST_61,OFFER_1,1,Mobile,0
2025-06-22 11:12:06.429345,CUST_35,OFFER_5,2,Mobile,0
2025-06-15 11:12:06.429350,CUST_50,OFFER_8,5,Tablet,0
2025-07-02 11:12:06.429358,CUST_82,OFFER_13,2,Desktop,0
2025-06-10 11:12:06.429368,CUST_62,OFFER_8,2,Mobile,0
2025-06-21 11:12:06.429377,CUST_17,OFFER_11,1,Tablet,1
2025-07-03 11:12:06.429394,CUST_88,OFFER_1,2,Mobile,0
2025-07-03 11:12:06.429401,CUST_3,OFFER_13,1,Mobile,0
2025-07-02 11:12:06.429406,CUST_32,OFFER_19,5,Desktop,0
2025-07-05 11:12:06.429412,CUST_99,OFFER_3,4,Desktop,0
2025-06-17 11:12:06.429417,CUST_13,OFFER_17,1,Mobile,1
2025-06-15 11:12:06.429422,CUST_89,OFFER_5,5,Mobile,0
2025-07-03 11:12:06.429427,CUST_73,OFFER_20,4,Desktop,0
2025-06-17 11:12:06.429432,CUST_68,OFFER_8,3,Tablet,0
2025-07-03 11:12:06.429438,CUST_14,OFFER_14,1,Desktop,1
2025-06-28 11:12:06.429443,CUST_98,OFFER_4,1,Mobile,0
2025-06-28 11:12:06.429448,CUST_11,OFFER_11,3,Tablet,0
2025-06-19 11:12:06.429453,CUST_56,OFFER_20,3,Mobile,0
2025-06-21 11:12:06.429458,CUST_67,OFFER_15,1,Tablet,1
2025-06-17 11:12:06.429464,CUST_92,OFFER_19,3,Mobile,0
2025-06-24 11:12:06.429469,CUST_29,OFFER_7,2,Tablet,0
2025-06-29 11:12:06.429474,CUST_9,OFFER_19,4,Tablet,0
2025-06-24 11:12:06.429479,CUST_67,OFFER_19,4,Mobile,0
2025-07-07 11:12:06.429484,CUST_25,OFFER_11,4,Tablet,0
2025-06-19 11:12:06.429490,CUST_98,OFFER_5,2,Desktop,0
2025-06-25 11:12:06.429495,CUST_76,OFFER_5,3,Mobile,1
2025-06-25 11:12:06.429500,CUST_42,OFFER_8,5,Desktop,0
2025-07-04 11:12:06.429506,CUST_9,OFFER_10,3,Mobile,1
2025-06-08 11:12:06.429511,CUST_79,OFFER_6,1,Tablet,0
2025-07-07 11:12:06.429516,CUST_40,OFFER_15,4,Tablet,0
2025-06-21 11:12:06.429521,CUST_25,OFFER_16,3,Tablet,0
2025-06-30 11:12:06.429526,CUST_5,OFFER_17,5,Mobile,0
2025-07-06 11:12:06.429531,CUST_11,OFFER_8,1,Desktop,1
2025-06-10 11:12:06.429537,CUST_59,OFFER_8,2,Desktop,0
2025-06-30 11:12:06.429542,CUST_98,OFFER_9,2,Mobile,0
2025-07-01 11:12:06.429547,CUST_88,OFFER_2,5,Mobile,0
2025-06-12 11:12:06.429552,CUST_79,OFFER_15,1,Desktop,0
2025-06-12 11:12:06.429558,CUST_38,OFFER_18,4,Desktop,0
2025-07-06 11:12:06.429563,CUST_72,OFFER_3,3,Desktop,0
2025-06-16 11:12:06.429568,CUST_5,OFFER_17,1,Desktop,1
2025-06-16 11:12:06.429573,CUST_48,OFFER_4,2,Mobile,0
2025-07-05 11:12:06.429579,CUST_90,OFFER_4,5,Mobile,0
2025-06-11 11:12:06.429584,CUST_18,OFFER_14,5,Tablet,0
2025-06-20 11:12:06.429589,CUST_70,OFFER_9,3,Desktop,1
2025-06-26 11:12:06.429596,CUST_37,OFFER_9,5,Tablet,0
2025-07-07 11:12:06.429606,CUST_60,OFFER_18,5,Mobile,0
2025-06-16 11:12:06.429615,CUST_48,OFFER_10,1,Mobile,0
2025-06-26 11:12:06.429625,CUST_77,OFFER_4,4,Tablet,0
2025-07-03 11:12:06.429647,CUST_28,OFFER_12,3,Desktop,0
2025-06-08 11:12:06.429657,CUST_69,OFFER_8,1,Desktop,1
2025-06-08 11:12:06.429666,CUST_77,OFFER_2,4,Desktop,0
2025-06-11 11:12:06.429675,CUST_81,OFFER_13,1,Desktop,0
2025-06-13 11:12:06.429684,CUST_40,OFFER_16,1,Tablet,0
2025-06-21 11:12:06.429693,CUST_45,OFFER_2,5,Tablet,0
2025-06-22 11:12:06.429701,CUST_96,OFFER_11,4,Mobile,0
2025-06-23 11:12:06.429710,CUST_62,OFFER_10,3,Desktop,0
2025-06-15 11:12:06.429719,CUST_93,OFFER_15,3,Desktop,0
2025-06-23 11:12:06.429729,CUST_58,OFFER_17,4,Desktop,0
2025-07-03 11:12:06.429739,CUST_67,OFFER_8,5,Tablet,0
2025-06-17 11:12:06.429748,CUST_56,OFFER_18,2,Desktop,0
2025-06-24 11:12:06.429757,CUST_40,OFFER_9,1,Tablet,1
2025-07-06 11:12:06.429772,CUST_98,OFFER_8,5,Desktop,0
2025-06-27 11:12:06.429781,CUST_40,OFFER_14,4,Desktop,0
2025-06-19 11:12:06.429790,CUST_91,OFFER_18,1,Mobile,0
2025-07-01 11:12:06.429800,CUST_77,OFFER_20,3,Desktop,0
2025-07-02 11:12:06.429807,CUST_33,OFFER_20,2,Desktop,0
2025-06-10 11:12:06.429812,CUST_6,OFFER_12,3,Mobile,0
2025-07-06 11:12:06.429818,CUST_88,OFFER_19,4,Tablet,0
2025-07-02 11:12:06.429823,CUST_19,OFFER_14,1,Tablet,0
2025-06-20 11:12:06.429828,CUST_80,OFFER_17,4,Desktop,0
2025-07-06 11:12:06.429833,CUST_40,OFFER_3,1,Tablet,0
2025-06-20 11:12:06.429838,CUST_92,OFFER_7,5,Desktop,0
2025-06-08 11:12:06.429843,CUST_97,OFFER_17,2,Mobile,0
2025-06-23 11:12:06.429849,CUST_59,OFFER_12,5,Mobile,0
2025-06-11 11:12:06.429854,CUST_59,OFFER_9,5,Desktop,0
2025-06-19 11:12:06.429860,CUST_48,OFFER_15,4,Mobile,0
2025-07-06 11:12:06.429865,CUST_41,OFFER_18,2,Mobile,0
2025-06-18 11:12:06.429870,CUST_13,OFFER_13,1,Desktop,0
2025-06-13 11:12:06.429875,CUST_45,OFFER_8,1,Desktop,1
2025-07-02 11:12:06.429880,CUST_89,OFFER_14,3,Mobile,0
2025-07-07 11:12:06.429886,CUST_53,OFFER_8,1,Tablet,0
2025-06-14 11:12:06.429891,CUST_42,OFFER_14,4,Tablet,0
2025-06-23 11:12:06.429896,CUST_100,OFFER_7,5,Desktop,0
2025-06-10 11:12:06.429901,CUST_63,OFFER_12,5,Desktop,1
2025-06-08 11:12:06.429906,CUST_27,OFFER_11,5,Tablet,0
2025-06-15 11:12:06.429912,CUST_38,OFFER_11,2,Mobile,0
2025-06-28 11:12:06.429917,CUST_60,OFFER_13,1,Tablet,0
2025-06-19 11:12:06.429923,CUST_7,OFFER_18,4,Tablet,0
2025-06-21 11:12:06.429929,CUST_5,OFFER_2,2,Tablet,0
2025-07-03 11:12:06.429934,CUST_45,OFFER_15,3,Tablet,0
2025-06-09 11:12:06.429939,CUST_58,OFFER_20,4,Desktop,1
2025-07-04 11:12:06.429944,CUST_31,OFFER_18,4,Desktop,0
2025-06-28 11:12:06.429950,CUST_23,OFFER_15,4,Mobile,0
2025-06-14 11:12:06.429955,CUST_42,OFFER_19,5,Mobile,1
2025-06-21 11:12:06.429960,CUST_10,OFFER_12,4,Mobile,0
2025-06-28 11:12:06.429965,CUST_32,OFFER_13,1,Mobile,1
2025-06-21 11:12:06.429971,CUST_53,OFFER_11,4,Tablet,1
2025-06-10 11:12:06.429976,CUST_30,OFFER_5,5,Desktop,0
2025-06-18 11:12:06.429982,CUST_39,OFFER_1,4,Desktop,0
2025-06-14 11:12:06.429987,CUST_31,OFFER_3,3,Mobile,0
2025-07-03 11:12:06.429992,CUST_82,OFFER_19,3,Mobile,1
2025-07-06 11:12:06.429998,CUST_100,OFFER_7,5,Tablet,0
2025-07-02 11:12:06.430003,CUST_2,OFFER_12,1,Tablet,0
2025-06-17 11:12:06.430008,CUST_78,OFFER_15,1,Mobile,1
2025-07-06 11:12:06.430013,CUST_77,OFFER_5,2,Desktop,1
2025-06-25 11:12:06.430019,CUST_93,OFFER_15,5,Desktop,0
2025-06-08 11:12:06.430024,CUST_12,OFFER_8,4,Desktop,0
2025-06-27 11:12:06.430029,CUST_39,OFFER_10,5,Mobile,1
2025-06-27 11:12:06.430035,CUST_66,OFFER_16,2,Desktop,0
2025-06-22 11:12:06.430040,CUST_96,OFFER_8,5,Tablet,1
2025-06-27 11:12:06.430045,CUST_13,OFFER_1,5,Tablet,0
2025-06-19 11:12:06.430051,CUST_46,OFFER_12,2,Mobile,0
2025-06-23 11:12:06.430056,CUST_27,OFFER_5,1,Tablet,0
2025-06-13 11:12:06.430061,CUST_17,OFFER_3,4,Mobile,0
2025-06-15 11:12:06.430066,CUST_95,OFFER_1,2,Desktop,0
2025-06-15 11:12:06.430071,CUST_98,OFFER_4,3,Desktop,0
2025-06-22 11:12:06.430077,CUST_60,OFFER_8,1,Desktop,0
2025-06-27 11:12:06.430082,CUST_64,OFFER_3,3,Tablet,0
2025-06-16 11:12:06.430087,CUST_88,OFFER_10,1,Mobile,0
2025-06-22 11:12:06.430093,CUST_35,OFFER_2,4,Desktop,0
2025-06-30 11:12:06.430098,CUST_70,OFFER_11,4,Mobile,0
2025-07-04 11:12:06.430103,CUST_83,OFFER_10,5,Desktop,0
2025-06-30 11:12:06.430108,CUST_30,OFFER_14,3,Tablet,0
2025-07-04 11:12:06.430114,CUST_71,OFFER_7,1,Tablet,0
2025-06-14 11:12:06.430119,CUST_74,OFFER_2,4,Mobile,0
2025-06-13 11:12:06.430125,CUST_96,OFFER_9,2,Tablet,0
2025-07-05 11:12:06.430130,CUST_98,OFFER_16,4,Tablet,1
2025-07-05 11:12:06.430135,CUST_63,OFFER_13,2,Mobile,1
2025-06-11 11:12:06.430140,CUST_28,OFFER_9,1,Desktop,0
2025-06-09 11:12:06.430145,CUST_60,OFFER_20,4,Tablet,1
2025-06-20 11:12:06.430151,CUST_79,OFFER_4,4,Mobile,0
2025-06-09 11:12:06.430156,CUST_94,OFFER_10,1,Tablet,0
2025-06-12 11:12:06.430161,CUST_37,OFFER_12,4,Tablet,0
2025-06-19 11:12:06.430166,CUST_93,OFFER_17,2,Tablet,0
2025-06-19 11:12:06.430171,CUST_22,OFFER_14,4,Tablet,0
2025-06-17 11:12:06.430177,CUST_68,OFFER_14,3,Mobile,0
2025-07-03 11:12:06.430182,CUST_20,OFFER_2,5,Mobile,0
2025-06-20 11:12:06.430187,CUST_96,OFFER_20,2,Mobile,0
2025-06-10 11:12:06.430192,CUST_100,OFFER_11,3,Tablet,0
2025-06-28 11:12:06.430198,CUST_68,OFFER_16,1,Tablet,0
2025-06-09 11:12:06.430205,CUST_91,OFFER_19,2,Tablet,0
2025-06-16 11:12:06.430215,CUST_64,OFFER_6,5,Mobile,0
2025-06-17 11:12:06.430224,CUST_17,OFFER_19,5,Tablet,0
2025-07-02 11:12:06.430235,CUST_12,OFFER_5,1,Desktop,0
2025-07-07 11:12:06.430241,CUST_22,OFFER_4,1,Tablet,1
2025-07-03 11:12:06.430246,CUST_17,OFFER_15,2,Desktop,0
2025-06-29 11:12:06.430251,CUST_10,OFFER_4,4,Tablet,0
2025-06-26 11:12:06.430256,CUST_65,OFFER_20,1,Mobile,0
2025-06-12 11:12:06.430262,CUST_22,OFFER_10,4,Tablet,0
2025-06-24 11:12:06.430267,CUST_90,OFFER_3,3,Desktop,0
2025-07-06 11:12:06.430272,CUST_82,OFFER_5,5,Desktop,0
2025-06-21 11:12:06.430277,CUST_50,OFFER_6,4,Tablet,0
2025-06-24 11:12:06.430282,CUST_14,OFFER_8,5,Desktop,0
2025-06-12 11:12:06.430287,CUST_64,OFFER_7,4,Desktop,0
2025-06-25 11:12:06.430293,CUST_47,OFFER_10,3,Mobile,0
2025-06-11 11:12:06.430298,CUST_29,OFFER_6,1,Tablet,0
2025-06-29 11:12:06.430303,CUST_76,OFFER_14,3,Tablet,0
2025-06-12 11:12:06.430308,CUST_36,OFFER_4,1,Tablet,0
2025-06-13 11:12:06.430314,CUST_99,OFFER_13,1,Desktop,0
2025-06-23 11:12:06.430319,CUST_52,OFFER_20,5,Tablet,0
2025-06-13 11:12:06.430324,CUST_76,OFFER_17,3,Tablet,0
2025-06-16 11:12:06.430329,CUST_7,OFFER_7,4,Mobile,0
2025-06-23 11:12:06.430334,CUST_29,OFFER_4,3,Mobile,0
2025-06-14 11:12:06.430340,CUST_11,OFFER_14,5,Mobile,1
2025-06-08 11:12:06.430345,CUST_33,OFFER_3,1,Desktop,0
2025-06-27 11:12:06.430350,CUST_6,OFFER_5,5,Tablet,1
2025-06-22 11:12:06.430355,CUST_79,OFFER_16,2,Mobile,0
2025-06-09 11:12:06.430360,CUST_32,OFFER_20,2,Mobile,0
2025-06-21 11:12:06.430366,CUST_51,OFFER_4,4,Mobile,0
2025-06-12 11:12:06.430371,CUST_75,OFFER_2,5,Tablet,0
2025-07-04 11:12:06.430380,CUST_58,OFFER_18,4,Tablet,0
2025-07-07 11:12:06.430388,CUST_87,OFFER_19,4,Tablet,0
2025-06-30 11:12:06.430397,CUST_26,OFFER_19,2,Desktop,0
2025-06-21 11:12:06.430406,CUST_98,OFFER_17,4,Desktop,0
2025-07-05 11:12:06.430416,CUST_46,OFFER_14,2,Mobile,0
2025-06-09 11:12:06.430425,CUST_98,OFFER_19,1,Tablet,1
2025-06-18 11:12:06.430435,CUST_29,OFFER_13,5,Mobile,0
2025-06-23 11:12:06.430445,CUST_4,OFFER_12,4,Tablet,0
2025-06-23 11:12:06.430454,CUST_81,OFFER_6,2,Tablet,0
2025-06-14 11:12:06.430464,CUST_99,OFFER_4,3,Tablet,0
2025-06-16 11:12:06.430475,CUST_13,OFFER_19,4,Desktop,0
2025-06-24 11:12:06.430485,CUST_39,OFFER_16,1,Desktop,1
2025-06-12 11:12:06.430494,CUST_15,OFFER_13,1,Tablet,0
2025-06-10 11:12:06.430502,CUST_29,OFFER_4,3,Mobile,0
2025-06-15 11:12:06.430508,CUST_29,OFFER_17,2,Tablet,0
2025-06-24 11:12:06.430513,CUST_75,OFFER_1,4,Tablet,0
2025-06-14 11:12:06.430520,CUST_32,OFFER_18,2,Mobile,0
2025-07-06 11:12:06.430525,CUST_2,OFFER_20,1,Tablet,0
2025-06-25 11:12:06.430530,CUST_47,OFFER_17,2,Mobile,1
2025-06-12 11:12:06.430536,CUST_78,OFFER_15,1,Desktop,0
2025-06-24 11:12:06.430541,CUST_84,OFFER_11,2,Desktop,1
2025-06-11 11:12:06.430550,CUST_22,OFFER_13,3,Mobile,0
2025-06-14 11:12:06.430555,CUST_75,OFFER_1,5,Desktop,0
2025-06-19 11:12:06.430561,CUST_27,OFFER_17,3,Desktop,0
2025-07-01 11:12:06.430566,CUST_67,OFFER_6,3,Mobile,0
2025-07-05 11:12:06.430571,CUST_81,OFFER_4,5,Desktop,1
2025-06-23 11:12:06.430576,CUST_56,OFFER_20,5,Tablet,0
2025-06-15 11:12:06.430582,CUST_92,OFFER_16,4,Tablet,0
2025-06-24 11:12:06.430587,CUST_93,OFFER_15,4,Mobile,0
2025-06-27 11:12:06.430592,CUST_21,OFFER_15,3,Desktop,0
2025-06-23 11:12:06.430597,CUST_47,OFFER_6,3,Tablet,0
2025-06-10 11:12:06.430602,CUST_80,OFFER_15,1,Tablet,0
2025-06-25 11:12:06.430607,CUST_59,OFFER_14,1,Desktop,0
2025-06-20 11:12:06.430613,CUST_84,OFFER_11,4,Desktop,0
2025-06-12 11:12:06.430618,CUST_6,OFFER_7,4,Tablet,0
2025-07-02 11:12:06.430623,CUST_19,OFFER_9,1,Tablet,0
2025-07-05 11:12:06.430631,CUST_57,OFFER_16,1,Mobile,0
2025-06-19 11:12:06.430641,CUST_69,OFFER_5,2,Mobile,1
2025-06-23 11:12:06.430650,CUST_3,OFFER_20,2,Tablet,0
2025-06-13 11:12:06.430660,CUST_1,OFFER_10,1,Mobile,0
2025-06-15 11:12:06.430670,CUST_58,OFFER_18,2,Tablet,0
2025-07-03 11:12:06.430679,CUST_38,OFFER_3,5,Tablet,0
2025-06-10 11:12:06.430690,CUST_15,OFFER_13,4,Mobile,0
2025-06-28 11:12:06.430700,CUST_34,OFFER_11,4,Mobile,0
2025-07-01 11:12:06.430710,CUST_61,OFFER_17,1,Desktop,0
2025-06-13 11:12:06.430720,CUST_35,OFFER_13,3,Desktop,0
2025-06-21 11:12:06.430729,CUST_64,OFFER_6,1,Desktop,1
2025-07-01 11:12:06.430738,CUST_25,OFFER_17,2,Tablet,0
2025-06-16 11:12:06.430747,CUST_24,OFFER_13,3,Mobile,0
2025-06-12 11:12:06.430755,CUST_12,OFFER_19,2,Tablet,0
2025-06-08 11:12:06.430767,CUST_18,OFFER_19,5,Mobile,0
2025-06-26 11:12:06.430772,CUST_15,OFFER_10,2,Tablet,1
2025-06-13 11:12:06.430778,CUST_80,OFFER_3,5,Desktop,0
2025-06-21 11:12:06.430783,CUST_27,OFFER_14,5,Desktop,0
2025-06-25 11:12:06.430790,CUST_72,OFFER_19,2,Desktop,0
2025-06-18 11:12:06.430795,CUST_60,OFFER_5,2,Tablet,0
2025-06-13 11:12:06.430801,CUST_46,OFFER_5,5,Mobile,0
2025-07-04 11:12:06.430810,CUST_89,OFFER_20,3,Mobile,0
2025-06-28 11:12:06.430820,CUST_17,OFFER_17,5,Desktop,0
2025-07-05 11:12:06.430830,CUST_93,OFFER_10,4,Desktop,0
2025-06-29 11:12:06.430839,CUST_53,OFFER_5,5,Desktop,0
2025-06-25 11:12:06.430849,CUST_8,OFFER_4,3,Desktop,0
2025-06-20 11:12:06.430861,CUST_79,OFFER_6,4,Mobile,0
2025-06-23 11:12:06.430870,CUST_27,OFFER_4,1,Tablet,0
2025-07-04 11:12:06.430880,CUST_46,OFFER_7,1,Tablet,0
2025-06-23 11:12:06.430891,CUST_50,OFFER_7,3,Tablet,0
2025-06-16 11:12:06.430897,CUST_71,OFFER_18,5,Tablet,0
2025-07-06 11:12:06.430902,CUST_3,OFFER_3,2,Desktop,0
2025-06-23 11:12:06.430907,CUST_93,OFFER_1,3,Desktop,0
2025-06-30 11:12:06.430912,CUST_64,OFFER_4,4,Desktop,0
2025-06-30 11:12:06.430917,CUST_44,OFFER_6,4,Tablet,0
2025-06-21 11:12:06.430923,CUST_53,OFFER_9,1,Desktop,1
2025-06-26 11:12:06.430928,CUST_24,OFFER_14,4,Desktop,1
2025-06-19 11:12:06.430933,CUST_60,OFFER_12,3,Mobile,1
2025-06-28 11:12:06.430939,CUST_3,OFFER_20,4,Mobile,0
2025-06-29 11:12:06.430944,CUST_20,OFFER_4,3,Desktop,0
2025-07-03 11:12:06.430949,CUST_46,OFFER_12,2,Mobile,0
2025-07-02 11:12:06.430954,CUST_15,OFFER_10,1,Mobile,0
2025-06-18 11:12:06.430960,CUST_25,OFFER_7,4,Desktop,0
2025-06-12 11:12:06.430965,CUST_94,OFFER_3,3,Desktop,0
2025-07-06 11:12:06.430970,CUST_78,OFFER_14,5,Desktop,0
2025-06-11 11:12:06.430975,CUST_71,OFFER_10,1,Desktop,1
2025-06-14 11:12:06.430980,CUST_17,OFFER_16,2,Tablet,0
2025-06-11 11:12:06.430985,CUST_84,OFFER_16,3,Tablet,0
2025-06-25 11:12:06.430991,CUST_100,OFFER_10,2,Desktop,0
2025-07-02 11:12:06.430996,CUST_9,OFFER_13,2,Mobile,1
2025-07-03 11:12:06.431001,CUST_38,OFFER_6,4,Desktop,0
2025-06-13 11:12:06.431006,CUST_48,OFFER_12,4,Desktop,0
2025-07-07 11:12:06.431012,CUST_60,OFFER_9,3,Mobile,1
2025-06-17 11:12:06.431017,CUST_63,OFFER_13,5,Tablet,0
2025-06-16 11:12:06.431022,CUST_86,OFFER_4,3,Desktop,0
2025-06-17 11:12:06.431027,CUST_2,OFFER_11,5,Desktop,0
2025-07-02 11:12:06.431033,CUST_88,OFFER_20,2,Tablet,0
2025-07-02 11:12:06.431038,CUST_72,OFFER_18,1,Tablet,0
2025-06-15 11:12:06.431043,CUST_11,OFFER_11,3,Mobile,0
2025-06-22 11:12:06.431048,CUST_64,OFFER_4,3,Tablet,1
2025-07-04 11:12:06.431053,CUST_77,OFFER_18,5,Tablet,1
2025-06-08 11:12:06.431058,CUST_81,OFFER_1,2,Tablet,0
2025-06-27 11:12:06.431064,CUST_72,OFFER_7,2,Mobile,0
2025-06-08 11:12:06.431069,CUST_21,OFFER_6,5,Tablet,0
2025-06-08 11:12:06.431074,CUST_18,OFFER_15,2,Tablet,0
2025-06-08 11:12:06.431079,CUST_94,OFFER_18,4,Mobile,0
2025-06-14 11:12:06.431085,CUST_64,OFFER_11,1,Tablet,0
2025-06-15 11:12:06.431090,CUST_82,OFFER_20,3,Tablet,0
2025-06-29 11:12:06.431096,CUST_95,OFFER_15,1,Mobile,0
2025-06-15 11:12:06.431101,CUST_38,OFFER_16,3,Desktop,1
2025-07-05 11:12:06.431106,CUST_32,OFFER_7,4,Mobile,0
2025-06-19 11:12:06.431111,CUST_11,OFFER_10,2,Tablet,0
2025-06-30 11:12:06.431116,CUST_45,OFFER_12,5,Tablet,0
2025-07-03 11:12:06.431121,CUST_89,OFFER_14,4,Tablet,0
2025-07-04 11:12:06.431127,CUST_33,OFFER_5,1,Mobile,0
2025-06-14 11:12:06.431132,CUST_41,OFFER_18,5,Tablet,0
2025-07-02 11:12:06.431137,CUST_8,OFFER_5,2,Tablet,0
2025-07-06 11:12:06.431142,CUST_11,OFFER_3,4,Mobile,0
2025-06-18 11:12:06.431147,CUST_86,OFFER_5,5,Desktop,0
2025-06-10 11:12:06.431152,CUST_51,OFFER_17,4,Desktop,0
2025-06-27 11:12:06.431158,CUST_88,OFFER_19,4,Tablet,0
2025-07-04 11:12:06.431163,CUST_41,OFFER_19,2,Mobile,1
2025-06-23 11:12:06.431169,CUST_17,OFFER_12,3,Tablet,0
2025-07-02 11:12:06.431174,CUST_76,OFFER_9,5,Mobile,1
2025-06-16 11:12:06.431179,CUST_46,OFFER_1,2,Mobile,0
2025-06-21 11:12:06.431184,CUST_32,OFFER_18,4,Desktop,1
2025-06-08 11:12:06.431189,CUST_79,OFFER_4,2,Desktop,0
2025-06-14 11:12:06.431194,CUST_80,OFFER_10,3,Mobile,0
2025-07-02 11:12:06.431200,CUST_54,OFFER_7,5,Tablet,0
2025-06-19 11:12:06.431205,CUST_86,OFFER_1,3,Desktop,0
2025-06-08 11:12:06.431211,CUST_92,OFFER_17,1,Tablet,0
2025-06-13 11:12:06.431216,CUST_20,OFFER_2,5,Desktop,0
2025-07-06 11:12:06.431221,CUST_33,OFFER_11,3,Desktop,0
2025-06-23 11:12:06.431226,CUST_74,OFFER_9,4,Tablet,0
2025-06-27 11:12:06.431231,CUST_40,OFFER_7,5,Desktop,0
2025-06-30 11:12:06.431236,CUST_32,OFFER_17,5,Desktop,0
2025-06-12 11:12:06.431242,CUST_97,OFFER_17,2,Tablet,0
2025-06-19 11:12:06.431247,CUST_2,OFFER_2,4,Desktop,0
2025-06-25 11:12:06.431252,CUST_97,OFFER_6,1,Desktop,0
2025-06-26 11:12:06.431257,CUST_33,OFFER_14,3,Desktop,0
2025-07-03 11:12:06.431262,CUST_77,OFFER_6,2,Tablet,0
2025-07-02 11:12:06.431267,CUST_30,OFFER_2,3,Mobile,0
2025-06-12 11:12:06.431273,CUST_33,OFFER_1,1,Tablet,1
2025-06-16 11:12:06.431278,CUST_77,OFFER_10,1,Mobile,0
2025-07-04 11:12:06.431283,CUST_26,OFFER_5,5,Desktop,0
2025-06-19 11:12:06.431288,CUST_22,OFFER_2,1,Mobile,0
2025-06-18 11:12:06.431293,CUST_66,OFFER_16,3,Tablet,0
2025-07-07 11:12:06.431298,CUST_38,OFFER_2,4,Tablet,0
2025-06-18 11:12:06.431304,CUST_90,OFFER_10,4,Desktop,0
2025-06-21 11:12:06.431309,CUST_46,OFFER_2,5,Mobile,0
2025-06-26 11:12:06.431314,CUST_15,OFFER_16,3,Desktop,0
2025-06-23 11:12:06.431319,CUST_98,OFFER_16,3,Desktop,0
2025-07-07 11:12:06.431324,CUST_44,OFFER_19,1,Tablet,0
2025-06-12 11:12:06.431329,CUST_49,OFFER_7,3,Mobile,0
2025-06-24 11:12:06.431334,CUST_75,OFFER_12,2,Mobile,0
2025-07-02 11:12:06.431340,CUST_61,OFFER_15,1,Mobile,0
2025-07-03 11:12:06.431345,CUST_67,OFFER_8,2,Mobile,0
2025-06-08 11:12:06.431354,CUST_6,OFFER_6,5,Desktop,1
2025-06-27 11:12:06.431363,CUST_9,OFFER_10,4,Desktop,1
2025-07-04 11:12:06.431373,CUST_6,OFFER_3,5,Tablet,0
2025-06-25 11:12:06.431384,CUST_73,OFFER_19,4,Desktop,0
2025-06-27 11:12:06.431395,CUST_95,OFFER_17,5,Desktop,0
2025-07-05 11:12:06.431405,CUST_32,OFFER_7,3,Tablet,0
2025-07-07 11:12:06.431415,CUST_41,OFFER_20,2,Tablet,0
2025-07-02 11:12:06.431424,CUST_76,OFFER_4,4,Tablet,0
2025-06-20 11:12:06.431433,CUST_8,OFFER_14,1,Desktop,0
2025-06-14 11:12:06.431441,CUST_72,OFFER_20,2,Desktop,0
2025-06-28 11:12:06.431451,CUST_50,OFFER_15,1,Tablet,1
2025-07-03 11:12:06.431461,CUST_92,OFFER_8,2,Tablet,0
2025-06-15 11:12:06.431470,CUST_62,OFFER_15,2,Tablet,0
2025-06-28 11:12:06.431478,CUST_84,OFFER_20,5,Desktop,0
2025-06-26 11:12:06.431488,CUST_62,OFFER_14,4,Desktop,0
2025-07-06 11:12:06.431505,CUST_7,OFFER_9,4,Mobile,0
2025-06-25 11:12:06.431511,CUST_75,OFFER_8,2,Desktop,0
2025-06-30 11:12:06.431516,CUST_84,OFFER_17,3,Desktop,0
2025-07-06 11:12:06.431521,CUST_80,OFFER_2,3,Desktop,0
2025-06-18 11:12:06.431526,CUST_4,OFFER_3,1,Tablet,0
2025-07-07 11:12:06.431532,CUST_6,OFFER_8,1,Desktop,0
2025-07-03 11:12:06.431537,CUST_58,OFFER_12,5,Tablet,0
2025-06-29 11:12:06.431542,CUST_22,OFFER_1,2,Mobile,1
2025-06-21 11:12:06.431547,CUST_26,OFFER_10,1,Mobile,0
2025-06-29 11:12:06.431552,CUST_3,OFFER_20,1,Tablet,0
2025-06-27 11:12:06.431561,CUST_41,OFFER_3,2,Tablet,0
2025-06-23 11:12:06.431566,CUST_60,OFFER_6,5,Tablet,0
2025-06-14 11:12:06.431571,CUST_14,OFFER_7,1,Desktop,0
2025-07-02 11:12:06.431576,CUST_75,OFFER_20,5,Mobile,0
2025-06-15 11:12:06.431582,CUST_82,OFFER_18,4,Tablet,0
2025-07-05 11:12:06.431587,CUST_12,OFFER_11,5,Desktop,0
2025-06-08 11:12:06.431592,CUST_87,OFFER_19,3,Mobile,0
2025-06-21 11:12:06.431597,CUST_12,OFFER_5,3,Desktop,0
2025-07-03 11:12:06.431603,CUST_13,OFFER_19,5,Mobile,0
2025-06-08 11:12:06.431608,CUST_25,OFFER_11,3,Desktop,0
2025-06-10 11:12:06.431613,CUST_45,OFFER_12,4,Mobile,0
2025-06-26 11:12:06.431618,CUST_19,OFFER_10,2,Mobile,0
2025-06-20 11:12:06.431624,CUST_55,OFFER_8,3,Desktop,0
2025-06-24 11:12:06.431629,CUST_100,OFFER_9,3,Tablet,0
2025-06-17 11:12:06.431634,CUST_45,OFFER_4,5,Mobile,0
2025-06-14 11:12:06.431639,CUST_8,OFFER_5,4,Tablet,0
2025-06-27 11:12:06.431645,CUST_93,OFFER_8,2,Desktop,0
2025-06-29 11:12:06.431650,CUST_53,OFFER_9,5,Tablet,0
2025-07-06 11:12:06.431655,CUST_55,OFFER_15,5,Tablet,1
2025-06-26 11:12:06.431660,CUST_32,OFFER_15,4,Tablet,0
2025-07-05 11:12:06.431665,CUST_51,OFFER_16,2,Tablet,0
2025-07-05 11:12:06.431670,CUST_44,OFFER_14,4,Tablet,0
2025-07-07 11:12:06.431676,CUST_82,OFFER_8,2,Mobile,0
2025-06-30 11:12:06.431681,CUST_70,OFFER_18,4,Mobile,0
2025-06-16 11:12:06.431686,CUST_18,OFFER_10,5,Mobile,1
2025-06-10 11:12:06.431691,CUST_83,OFFER_20,5,Desktop,0
2025-06-09 11:12:06.431697,CUST_22,OFFER_6,1,Tablet,0
2025-06-30 11:12:06.431703,CUST_37,OFFER_12,3,Mobile,0
2025-06-27 11:12:06.431708,CUST_96,OFFER_2,4,Desktop,0
2025-06-29 11:12:06.431713,CUST_56,OFFER_7,1,Mobile,0
2025-07-03 11:12:06.431718,CUST_59,OFFER_16,3,Mobile,0
2025-06-24 11:12:06.431724,CUST_3,OFFER_3,4,Tablet,0
2025-06-10 11:12:06.431734,CUST_28,OFFER_13,2,Desktop,0
2025-06-08 11:12:06.431743,CUST_74,OFFER_3,3,Tablet,0
2025-07-05 11:12:06.431752,CUST_35,OFFER_18,5,Tablet,0
2025-06-17 11:12:06.431773,CUST_61,OFFER_11,1,Mobile,0
2025-07-03 11:12:06.431779,CUST_93,OFFER_8,3,Tablet,0
2025-07-03 11:12:06.431784,CUST_54,OFFER_6,3,Desktop,0
2025-06-19 11:12:06.431790,CUST_63,OFFER_1,5,Tablet,0
2025-06-11 11:12:06.431795,CUST_79,OFFER_1,4,Tablet,0
2025-06-24 11:12:06.431800,CUST_97,OFFER_8,2,Tablet,0
2025-06-12 11:12:06.431805,CUST_7,OFFER_5,5,Mobile,0
2025-06-08 11:12:06.431810,CUST_76,OFFER_16,2,Desktop,0
2025-07-04 11:12:06.431816,CUST_49,OFFER_11,4,Mobile,0
2025-06-13 11:12:06.431821,CUST_94,OFFER_5,3,Mobile,0
2025-06-25 11:12:06.431827,CUST_85,OFFER_4,2,Mobile,0
2025-06-28 11:12:06.431837,CUST_31,OFFER_6,1,Mobile,0
2025-06-13 11:12:06.431846,CUST_58,OFFER_14,1,Mobile,0
2025-06-20 11:12:06.431857,CUST_61,OFFER_19,5,Desktop,0
2025-06-30 11:12:06.431862,CUST_24,OFFER_9,4,Tablet,0
2025-06-30 11:12:06.431867,CUST_20,OFFER_12,5,Mobile,0
2025-07-01 11:12:06.431873,CUST_37,OFFER_11,5,Mobile,0
2025-06-30 11:12:06.431878,CUST_4,OFFER_14,5,Desktop,0
2025-06-24 11:12:06.431886,CUST_92,OFFER_16,1,Desktop,0
2025-06-19 11:12:06.431895,CUST_20,OFFER_1,1,Tablet,0
2025-06-09 11:12:06.431906,CUST_60,OFFER_13,5,Desktop,0
2025-07-02 11:12:06.431912,CUST_24,OFFER_13,1,Tablet,0
2025-07-07 11:12:06.431918,CUST_50,OFFER_2,4,Mobile,0
2025-06-15 11:12:06.431923,CUST_49,OFFER_4,5,Mobile,0
2025-06-23 11:12:06.431928,CUST_51,OFFER_6,1,Tablet,0
2025-07-07 11:12:06.431936,CUST_96,OFFER_5,2,Desktop,0
2025-06-13 11:12:06.431945,CUST_36,OFFER_3,5,Tablet,0
2025-06-21 11:12:06.431954,CUST_98,OFFER_1,5,Desktop,0
2025-07-07 11:12:06.431963,CUST_100,OFFER_4,4,Mobile,0
2025-06-23 11:12:06.431973,CUST_66,OFFER_20,3,Desktop,0
2025-06-15 11:12:06.431982,CUST_79,OFFER_2,3,Tablet,0
2025-07-06 11:12:06.431992,CUST_34,OFFER_5,4,Tablet,0
2025-06-24 11:12:06.431998,CUST_36,OFFER_3,4,Mobile,1
2025-06-17 11:12:06.432003,CUST_6,OFFER_9,4,Desktop,0
2025-06-30 11:12:06.432008,CUST_39,OFFER_20,3,Desktop,0
2025-06-30 11:12:06.432013,CUST_42,OFFER_6,4,Desktop,0
2025-06-19 11:12:06.432019,CUST_58,OFFER_18,1,Mobile,0
2025-07-01 11:12:06.432024,CUST_12,OFFER_6,5,Desktop,0
2025-06-19 11:12:06.432029,CUST_3,OFFER_19,5,Tablet,0
2025-07-02 11:12:06.432034,CUST_18,OFFER_12,2,Desktop,0
2025-07-02 11:12:06.432039,CUST_40,OFFER_11,2,Mobile,0
2025-07-05 11:12:06.432045,CUST_21,OFFER_2,5,Desktop,1
2025-07-01 11:12:06.432050,CUST_15,OFFER_15,1,Desktop,0
2025-06-19 11:12:06.432055,CUST_97,OFFER_12,3,Tablet,0
2025-06-30 11:12:06.432061,CUST_99,OFFER_12,3,Desktop,0
2025-06-28 11:12:06.432067,CUST_26,OFFER_9,1,Tablet,0
2025-06-18 11:12:06.432072,CUST_8,OFFER_2,3,Tablet,0
2025-06-23 11:12:06.432077,CUST_100,OFFER_3,4,Mobile,0
2025-06-23 11:12:06.432083,CUST_94,OFFER_12,5,Tablet,0
2025-06-09 11:12:06.432088,CUST_87,OFFER_16,5,Tablet,0
2025-07-07 11:12:06.432093,CUST_42,OFFER_1,1,Mobile,0
2025-06-18 11:12:06.432098,CUST_44,OFFER_3,3,Tablet,0
2025-06-08 11:12:06.432103,CUST_14,OFFER_20,2,Mobile,1
2025-07-01 11:12:06.432109,CUST_78,OFFER_2,2,Desktop,0
2025-06-11 11:12:06.432114,CUST_2,OFFER_9,3,Mobile,0
2025-07-04 11:12:06.432119,CUST_37,OFFER_19,2,Tablet,0
2025-06-09 11:12:06.432124,CUST_69,OFFER_15,1,Mobile,0
2025-07-02 11:12:06.432130,CUST_38,OFFER_18,1,Tablet,1
2025-06-13 11:12:06.432135,CUST_41,OFFER_11,3,Desktop,0
2025-07-07 11:12:06.432140,CUST_62,OFFER_16,2,Mobile,0
2025-06-09 11:12:06.432145,CUST_60,OFFER_17,1,Desktop,0
2025-07-03 11:12:06.432151,CUST_14,OFFER_5,1,Tablet,1
2025-06-11 11:12:06.432156,CUST_89,OFFER_12,4,Tablet,0
2025-06-15 11:12:06.432161,CUST_84,OFFER_11,4,Desktop,0
2025-07-07 11:12:06.432166,CUST_2,OFFER_15,1,Mobile,0
2025-06-08 11:12:06.432175,CUST_70,OFFER_3,3,Mobile,0
2025-07-04 11:12:06.432180,CUST_17,OFFER_1,5,Tablet,0
2025-06-16 11:12:06.432186,CUST_89,OFFER_20,5,Desktop,1
2025-07-06 11:12:06.432191,CUST_28,OFFER_16,1,Desktop,0
2025-06-28 11:12:06.432196,CUST_66,OFFER_2,1,Mobile,0
2025-07-03 11:12:06.432201,CUST_35,OFFER_2,1,Mobile,0
2025-06-11 11:12:06.432207,CUST_5,OFFER_3,3,Mobile,0
2025-06-28 11:12:06.432214,CUST_65,OFFER_8,4,Desktop,0
2025-07-07 11:12:06.432223,CUST_40,OFFER_15,1,Mobile,1
2025-06-16 11:12:06.432232,CUST_76,OFFER_7,1,Mobile,0
2025-07-02 11:12:06.432242,CUST_56,OFFER_6,2,Tablet,0
2025-06-25 11:12:06.432248,CUST_36,OFFER_9,3,Mobile,0
2025-06-23 11:12:06.432253,CUST_45,OFFER_20,1,Mobile,0
2025-07-04 11:12:06.432258,CUST_23,OFFER_1,2,Desktop,0
2025-06-25 11:12:06.432266,CUST_47,OFFER_8,5,Desktop,0
2025-06-14 11:12:06.432276,CUST_31,OFFER_3,1,Tablet,0
2025-06-18 11:12:06.432287,CUST_11,OFFER_4,1,Mobile,0
2025-06-14 11:12:06.432292,CUST_10,OFFER_15,2,Tablet,0
2025-06-23 11:12:06.432297,CUST_67,OFFER_6,3,Desktop,0
2025-06-09 11:12:06.432303,CUST_14,OFFER_15,1,Tablet,0
2025-06-30 11:12:06.432308,CUST_80,OFFER_3,5,Desktop,1
2025-07-03 11:12:06.432313,CUST_74,OFFER_14,1,Tablet,0
2025-06-09 11:12:06.432318,CUST_93,OFFER_20,5,Tablet,0
2025-06-23 11:12:06.432324,CUST_10,OFFER_14,4,Mobile,0
2025-07-04 11:12:06.432329,CUST_76,OFFER_4,4,Tablet,0
2025-06-26 11:12:06.432334,CUST_94,OFFER_12,5,Mobile,0
2025-06-25 11:12:06.432339,CUST_1,OFFER_17,3,Mobile,0
2025-07-06 11:12:06.432345,CUST_5,OFFER_7,1,Mobile,0
2025-06-11 11:12:06.432350,CUST_20,OFFER_9,1,Mobile,0
2025-06-19 11:12:06.432355,CUST_8,OFFER_3,4,Tablet,0
2025-06-19 11:12:06.432360,CUST_43,OFFER_13,5,Desktop,0
2025-07-04 11:12:06.432366,CUST_76,OFFER_15,1,Desktop,1
2025-07-04 11:12:06.432371,CUST_1,OFFER_18,1,Desktop,0
2025-06-12 11:12:06.432376,CUST_57,OFFER_19,3,Tablet,0
2025-06-27 11:12:06.432381,CUST_64,OFFER_1,2,Mobile,0
2025-06-11 11:12:06.432386,CUST_84,OFFER_6,4,Desktop,0
2025-07-03 11:12:06.432391,CUST_28,OFFER_2,4,Tablet,0
2025-06-18 11:12:06.432397,CUST_37,OFFER_14,2,Mobile,0
2025-06-27 11:12:06.432404,CUST_47,OFFER_6,1,Desktop,1
2025-06-08 11:12:06.432409,CUST_76,OFFER_14,3,Mobile,1
2025-06-28 11:12:06.432414,CUST_37,OFFER_4,3,Desktop,0
2025-06-30 11:12:06.432420,CUST_49,OFFER_8,4,Desktop,0
2025-07-02 11:12:06.432425,CUST_44,OFFER_3,3,Desktop,1
2025-07-02 11:12:06.432432,CUST_56,OFFER_19,2,Mobile,0
2025-06-30 11:12:06.432442,CUST_28,OFFER_14,1,Tablet,1
2025-06-15 11:12:06.432451,CUST_79,OFFER_20,2,Mobile,0
2025-06-23 11:12:06.432461,CUST_6,OFFER_17,5,Desktop,0
2025-06-12 11:12:06.432470,CUST_61,OFFER_8,4,Mobile,0
2025-06-24 11:12:06.432479,CUST_20,OFFER_14,3,Tablet,0
2025-06-27 11:12:06.432488,CUST_78,OFFER_6,5,Mobile,0
2025-06-26 11:12:06.432497,CUST_2,OFFER_16,3,Tablet,0
2025-06-12 11:12:06.432507,CUST_73,OFFER_19,1,Tablet,0
2025-06-25 11:12:06.432516,CUST_37,OFFER_14,1,Mobile,0
2025-06-30 11:12:06.432525,CUST_20,OFFER_19,1,Desktop,0
2025-06-08 11:12:06.432534,CUST_26,OFFER_3,3,Tablet,0
2025-06-20 11:12:06.432544,CUST_29,OFFER_10,5,Mobile,0
2025-06-13 11:12:06.432554,CUST_1,OFFER_19,1,Tablet,0
2025-07-07 11:12:06.432563,CUST_35,OFFER_9,5,Desktop,0
2025-06-23 11:12:06.432573,CUST_70,OFFER_20,3,Mobile,1
2025-06-30 11:12:06.432583,CUST_59,OFFER_13,5,Mobile,1
2025-06-10 11:12:06.432594,CUST_69,OFFER_7,3,Mobile,0
2025-06-27 11:12:06.432605,CUST_33,OFFER_14,3,Desktop,0
2025-06-26 11:12:06.432615,CUST_51,OFFER_9,4,Tablet,0
2025-06-26 11:12:06.432625,CUST_78,OFFER_19,3,Mobile,1
2025-07-04 11:12:06.432634,CUST_12,OFFER_15,3,Tablet,0
2025-06-22 11:12:06.432642,CUST_20,OFFER_20,2,Tablet,0
2025-07-04 11:12:06.432651,CUST_53,OFFER_14,1,Desktop,0
2025-07-03 11:12:06.432662,CUST_88,OFFER_6,4,Mobile,0
2025-06-14 11:12:06.432670,CUST_43,OFFER_4,4,Tablet,0
2025-07-03 11:12:06.432680,CUST_98,OFFER_8,4,Mobile,0
2025-06-30 11:12:06.432690,CUST_89,OFFER_17,2,Mobile,1
2025-06-28 11:12:06.432699,CUST_50,OFFER_9,3,Desktop,1
2025-06-21 11:12:06.432709,CUST_29,OFFER_1,1,Mobile,0
2025-06-10 11:12:06.432718,CUST_57,OFFER_20,5,Mobile,0
2025-06-12 11:12:06.432727,CUST_39,OFFER_14,3,Tablet,0
2025-06-29 11:12:06.432736,CUST_95,OFFER_11,2,Desktop,0
2025-06-16 11:12:06.432745,CUST_56,OFFER_3,3,Mobile,0
2025-06-19 11:12:06.432755,CUST_43,OFFER_9,3,Tablet,0
2025-06-09 11:12:06.432764,CUST_50,OFFER_14,2,Desktop,0
2025-06-24 11:12:06.432776,CUST_23,OFFER_9,4,Desktop,0
2025-06-30 11:12:06.432785,CUST_44,OFFER_4,4,Tablet,0
2025-06-29 11:12:06.432793,CUST_38,OFFER_4,1,Tablet,0
2025-06-16 11:12:06.432802,CUST_84,OFFER_8,1,Tablet,0
2025-06-27 11:12:06.432812,CUST_23,OFFER_2,4,Tablet,1
2025-06-15 11:12:06.432822,CUST_45,OFFER_9,5,Tablet,1
2025-07-07 11:12:06.432829,CUST_52,OFFER_14,3,Mobile,1
2025-06-24 11:12:06.432835,CUST_80,OFFER_9,5,Mobile,0
2025-07-03 11:12:06.432840,CUST_50,OFFER_16,3,Desktop,0
2025-06-17 11:12:06.432845,CUST_8,OFFER_17,4,Mobile,0
2025-06-12 11:12:06.432850,CUST_85,OFFER_16,1,Mobile,1
2025-06-24 11:12:06.432855,CUST_1,OFFER_12,1,Mobile,0
2025-07-04 11:12:06.432861,CUST_8,OFFER_3,5,Tablet,0
2025-06-16 11:12:06.432866,CUST_29,OFFER_11,1,Desktop,0
2025-06-15 11:12:06.432871,CUST_96,OFFER_14,4,Desktop,0
2025-06-13 11:12:06.432876,CUST_5,OFFER_18,5,Desktop,0
2025-07-07 11:12:06.432881,CUST_86,OFFER_5,3,Desktop,0
2025-06-16 11:12:06.432886,CUST_47,OFFER_16,1,Mobile,0
2025-06-15 11:12:06.432891,CUST_34,OFFER_20,2,Mobile,0
2025-06-19 11:12:06.432900,CUST_65,OFFER_5,1,Tablet,1
2025-06-30 11:12:06.432910,CUST_55,OFFER_3,3,Desktop,0
2025-06-23 11:12:06.432920,CUST_90,OFFER_12,5,Mobile,0
2025-06-17 11:12:06.432926,CUST_43,OFFER_1,3,Mobile,0
2025-06-23 11:12:06.432931,CUST_74,OFFER_9,2,Tablet,1
2025-06-29 11:12:06.432936,CUST_30,OFFER_9,4,Tablet,0
2025-06-17 11:12:06.432941,CUST_82,OFFER_4,1,Tablet,1
2025-06-29 11:12:06.432947,CUST_17,OFFER_3,5,Mobile,0
2025-06-28 11:12:06.432952,CUST_26,OFFER_17,4,Mobile,1
2025-06-18 11:12:06.432960,CUST_8,OFFER_2,3,Tablet,1
2025-06-13 11:12:06.432969,CUST_47,OFFER_1,5,Desktop,0
2025-06-17 11:12:06.432980,CUST_76,OFFER_8,4,Tablet,0
2025-06-12 11:12:06.432986,CUST_91,OFFER_13,5,Tablet,0
2025-06-29 11:12:06.432991,CUST_72,OFFER_15,2,Tablet,0
2025-07-05 11:12:06.432999,CUST_89,OFFER_8,2,Tablet,0
2025-06-18 11:12:06.433007,CUST_46,OFFER_12,1,Mobile,0
2025-06-13 11:12:06.433016,CUST_68,OFFER_12,1,Desktop,0
2025-06-12 11:12:06.433026,CUST_33,OFFER_14,2,Tablet,0
2025-06-27 11:12:06.433032,CUST_1,OFFER_15,5,Desktop,0
2025-07-02 11:12:06.433038,CUST_19,OFFER_15,2,Desktop,0
2025-07-06 11:12:06.433043,CUST_31,OFFER_9,1,Desktop,0
2025-07-01 11:12:06.433048,CUST_80,OFFER_19,2,Tablet,0
2025-06-20 11:12:06.433053,CUST_14,OFFER_20,2,Mobile,0
2025-06-11 11:12:06.433059,CUST_53,OFFER_8,5,Tablet,0
2025-07-06 11:12:06.433064,CUST_48,OFFER_19,4,Desktop,1
2025-06-11 11:12:06.433069,CUST_69,OFFER_6,1,Desktop,0
2025-06-21 11:12:06.433074,CUST_90,OFFER_20,5,Mobile,0
2025-06-27 11:12:06.433080,CUST_62,OFFER_19,2,Tablet,0
2025-06-11 11:12:06.433085,CUST_92,OFFER_4,2,Desktop,0
2025-06-26 11:12:06.433090,CUST_66,OFFER_7,4,Mobile,1
2025-06-11 11:12:06.433095,CUST_64,OFFER_4,1,Desktop,1
2025-06-19 11:12:06.433100,CUST_70,OFFER_12,1,Mobile,0
2025-06-16 11:12:06.433106,CUST_63,OFFER_13,3,Mobile,0
2025-06-14 11:12:06.433111,CUST_73,OFFER_3,1,Tablet,0
2025-06-13 11:12:06.433116,CUST_33,OFFER_12,4,Desktop,0
2025-07-01 11:12:06.433121,CUST_41,OFFER_2,3,Tablet,1
2025-06-18 11:12:06.433127,CUST_89,OFFER_2,3,Desktop,0
2025-07-02 11:12:06.433132,CUST_48,OFFER_9,2,Tablet,0
2025-06-17 11:12:06.433137,CUST_13,OFFER_1,2,Desktop,0
2025-06-14 11:12:06.433142,CUST_73,OFFER_8,1,Tablet,0
2025-07-07 11:12:06.433148,CUST_77,OFFER_6,3,Mobile,0
